number,season,episode,airdate,title,tvmaze link
1,1,1,24 Mar 05,"Pilot","https://www.tvmaze.com/episodes/47640/the-office-1x01-pilot"
2,1,2,29 Mar 05,"Diversity Day","https://www.tvmaze.com/episodes/47641/the-office-1x02-diversity-day"
3,1,3,05 Apr 05,"Health Care","https://www.tvmaze.com/episodes/47642/the-office-1x03-health-care"
4,1,4,12 Apr 05,"The Alliance","https://www.tvmaze.com/episodes/47643/the-office-1x04-the-alliance"
5,1,5,19 Apr 05,"Basketball","https://www.tvmaze.com/episodes/47644/the-office-1x05-basketball"
6,1,6,26 Apr 05,"Hot Girl","https://www.tvmaze.com/episodes/47645/the-office-1x06-hot-girl"
7,2,1,20 Sep 05,"The Dundies","https://www.tvmaze.com/episodes/47646/the-office-2x01-the-dundies"
8,2,2,27 Sep 05,"Sexual Harassment","https://www.tvmaze.com/episodes/47647/the-office-2x02-sexual-harassment"
9,2,3,04 Oct 05,"Office Olympics","https://www.tvmaze.com/episodes/47648/the-office-2x03-office-olympics"
10,2,4,11 Oct 05,"The Fire","https://www.tvmaze.com/episodes/47649/the-office-2x04-the-fire"
11,2,5,18 Oct 05,"Halloween","https://www.tvmaze.com/episodes/47650/the-office-2x05-halloween"
12,2,6,01 Nov 05,"The Fight","https://www.tvmaze.com/episodes/47651/the-office-2x06-the-fight"
13,2,7,08 Nov 05,"The Client","https://www.tvmaze.com/episodes/47652/the-office-2x07-the-client"
14,2,8,15 Nov 05,"Performance Review","https://www.tvmaze.com/episodes/47653/the-office-2x08-performance-review"
15,2,9,22 Nov 05,"E-Mail Surveillance","https://www.tvmaze.com/episodes/47654/the-office-2x09-e-mail-surveillance"
16,2,10,06 Dec 05,"Christmas Party","https://www.tvmaze.com/episodes/47655/the-office-2x10-christmas-party"
17,2,11,05 Jan 06,"Booze Cruise","https://www.tvmaze.com/episodes/47656/the-office-2x11-booze-cruise"
18,2,12,12 Jan 06,"The Injury","https://www.tvmaze.com/episodes/47657/the-office-2x12-the-injury"
19,2,13,19 Jan 06,"The Secret","https://www.tvmaze.com/episodes/47658/the-office-2x13-the-secret"
20,2,14,26 Jan 06,"The Carpet","https://www.tvmaze.com/episodes/47659/the-office-2x14-the-carpet"
21,2,15,02 Feb 06,"Boys and Girls","https://www.tvmaze.com/episodes/47660/the-office-2x15-boys-and-girls"
22,2,16,09 Feb 06,"Valentine's Day","https://www.tvmaze.com/episodes/47661/the-office-2x16-valentines-day"
23,2,17,02 Mar 06,"Dwight's Speech","https://www.tvmaze.com/episodes/47662/the-office-2x17-dwights-speech"
24,2,18,16 Mar 06,"Take Your Daughter to Work Day","https://www.tvmaze.com/episodes/47663/the-office-2x18-take-your-daughter-to-work-day"
25,2,19,30 Mar 06,"Michael's Birthday","https://www.tvmaze.com/episodes/47664/the-office-2x19-michaels-birthday"
26,2,20,27 Apr 06,"Drug Testing","https://www.tvmaze.com/episodes/47665/the-office-2x20-drug-testing"
27,2,21,04 May 06,"Conflict Resolution","https://www.tvmaze.com/episodes/47666/the-office-2x21-conflict-resolution"
28,2,22,11 May 06,"Casino Night","https://www.tvmaze.com/episodes/47667/the-office-2x22-casino-night"
29,3,1,21 Sep 06,"Gay Witch Hunt","https://www.tvmaze.com/episodes/47668/the-office-3x01-gay-witch-hunt"
30,3,2,28 Sep 06,"The Convention","https://www.tvmaze.com/episodes/47669/the-office-3x02-the-convention"
31,3,3,05 Oct 06,"The Coup","https://www.tvmaze.com/episodes/47670/the-office-3x03-the-coup"
32,3,4,12 Oct 06,"Grief Counseling","https://www.tvmaze.com/episodes/47671/the-office-3x04-grief-counseling"
33,3,5,19 Oct 06,"Initiation","https://www.tvmaze.com/episodes/47672/the-office-3x05-initiation"
34,3,6,02 Nov 06,"Diwali","https://www.tvmaze.com/episodes/47673/the-office-3x06-diwali"
35,3,7,09 Nov 06,"Branch Closing","https://www.tvmaze.com/episodes/47674/the-office-3x07-branch-closing"
36,3,8,16 Nov 06,"The Merger","https://www.tvmaze.com/episodes/47675/the-office-3x08-the-merger"
37,3,9,30 Nov 06,"The Convict","https://www.tvmaze.com/episodes/47676/the-office-3x09-the-convict"
38,3,10,14 Dec 06,"A Benihana Christmas (1)","https://www.tvmaze.com/episodes/47677/the-office-3x10-a-benihana-christmas-1"
39,3,11,14 Dec 06,"A Benihana Christmas (2)","https://www.tvmaze.com/episodes/47678/the-office-3x11-a-benihana-christmas-2"
40,3,12,04 Jan 07,"Back from Vacation","https://www.tvmaze.com/episodes/47679/the-office-3x12-back-from-vacation"
41,3,13,11 Jan 07,"Traveling Salesmen","https://www.tvmaze.com/episodes/47680/the-office-3x13-traveling-salesmen"
42,3,14,18 Jan 07,"The Return","https://www.tvmaze.com/episodes/47681/the-office-3x14-the-return"
43,3,15,01 Feb 07,"Ben Franklin","https://www.tvmaze.com/episodes/47682/the-office-3x15-ben-franklin"
44,3,16,08 Feb 07,"Phyllis' Wedding","https://www.tvmaze.com/episodes/47683/the-office-3x16-phyllis-wedding"
45,3,17,15 Feb 07,"Business School","https://www.tvmaze.com/episodes/47684/the-office-3x17-business-school"
46,3,18,22 Feb 07,"Cocktails","https://www.tvmaze.com/episodes/47685/the-office-3x18-cocktails"
47,3,19,05 Apr 07,"The Negotiation","https://www.tvmaze.com/episodes/47686/the-office-3x19-the-negotiation"
48,3,20,12 Apr 07,"Safety Training","https://www.tvmaze.com/episodes/47687/the-office-3x20-safety-training"
49,3,21,26 Apr 07,"Product Recall","https://www.tvmaze.com/episodes/47688/the-office-3x21-product-recall"
50,3,22,03 May 07,"Women's Appreciation","https://www.tvmaze.com/episodes/47689/the-office-3x22-womens-appreciation"
51,3,23,10 May 07,"Beach Games","https://www.tvmaze.com/episodes/47690/the-office-3x23-beach-games"
52,3,24,17 May 07,"The Job (1)","https://www.tvmaze.com/episodes/47691/the-office-3x24-the-job-1"
53,3,25,17 May 07,"The Job (2)","https://www.tvmaze.com/episodes/47692/the-office-3x25-the-job-2"
54,4,1,27 Sep 07,"Fun Run (1)","https://www.tvmaze.com/episodes/47693/the-office-4x01-fun-run-1"
55,4,2,27 Sep 07,"Fun Run (2)","https://www.tvmaze.com/episodes/47694/the-office-4x02-fun-run-2"
56,4,3,04 Oct 07,"Dunder Mifflin Infinity (1)","https://www.tvmaze.com/episodes/47695/the-office-4x03-dunder-mifflin-infinity-1"
57,4,4,04 Oct 07,"Dunder Mifflin Infinity (2)","https://www.tvmaze.com/episodes/47696/the-office-4x04-dunder-mifflin-infinity-2"
58,4,5,11 Oct 07,"Launch Party (1)","https://www.tvmaze.com/episodes/47697/the-office-4x05-launch-party-1"
59,4,6,11 Oct 07,"Launch Party (2)","https://www.tvmaze.com/episodes/47698/the-office-4x06-launch-party-2"
60,4,7,18 Oct 07,"Money (1)","https://www.tvmaze.com/episodes/47699/the-office-4x07-money-1"
61,4,8,18 Oct 07,"Money (2)","https://www.tvmaze.com/episodes/47700/the-office-4x08-money-2"
62,4,9,25 Oct 07,"Local Ad","https://www.tvmaze.com/episodes/47701/the-office-4x09-local-ad"
63,4,10,01 Nov 07,"Branch Wars","https://www.tvmaze.com/episodes/47702/the-office-4x10-branch-wars"
64,4,11,08 Nov 07,"Survivor Man","https://www.tvmaze.com/episodes/47703/the-office-4x11-survivor-man"
65,4,12,15 Nov 07,"The Deposition","https://www.tvmaze.com/episodes/47704/the-office-4x12-the-deposition"
66,4,13,10 Apr 08,"Dinner Party","https://www.tvmaze.com/episodes/47705/the-office-4x13-dinner-party"
67,4,14,17 Apr 08,"Chair Model","https://www.tvmaze.com/episodes/47706/the-office-4x14-chair-model"
68,4,15,24 Apr 08,"Night Out","https://www.tvmaze.com/episodes/47707/the-office-4x15-night-out"
69,4,16,01 May 08,"Did I Stutter?","https://www.tvmaze.com/episodes/47708/the-office-4x16-did-i-stutter"
70,4,17,08 May 08,"Job Fair","https://www.tvmaze.com/episodes/47709/the-office-4x17-job-fair"
71,4,18,15 May 08,"Goodbye, Toby (1)","https://www.tvmaze.com/episodes/47710/the-office-4x18-goodbye-toby-1"
72,4,19,15 May 08,"Goodbye, Toby (2)","https://www.tvmaze.com/episodes/47711/the-office-4x19-goodbye-toby-2"
73,5,1,25 Sep 08,"Weight Loss (1)","https://www.tvmaze.com/episodes/47712/the-office-5x01-weight-loss-1"
74,5,2,25 Sep 08,"Weight Loss (2)","https://www.tvmaze.com/episodes/47713/the-office-5x02-weight-loss-2"
75,5,3,09 Oct 08,"Business Ethics","https://www.tvmaze.com/episodes/47714/the-office-5x03-business-ethics"
76,5,4,16 Oct 08,"Baby Shower","https://www.tvmaze.com/episodes/47715/the-office-5x04-baby-shower"
77,5,5,23 Oct 08,"Crime Aid","https://www.tvmaze.com/episodes/47716/the-office-5x05-crime-aid"
78,5,6,30 Oct 08,"Employee Transfer","https://www.tvmaze.com/episodes/47717/the-office-5x06-employee-transfer"
79,5,7,06 Nov 08,"Customer Survey","https://www.tvmaze.com/episodes/47718/the-office-5x07-customer-survey"
80,5,8,13 Nov 08,"Business Trip","https://www.tvmaze.com/episodes/47719/the-office-5x08-business-trip"
81,5,9,20 Nov 08,"Frame Toby","https://www.tvmaze.com/episodes/47720/the-office-5x09-frame-toby"
82,5,10,04 Dec 08,"The Surplus","https://www.tvmaze.com/episodes/47721/the-office-5x10-the-surplus"
83,5,11,11 Dec 08,"Moroccan Christmas","https://www.tvmaze.com/episodes/47722/the-office-5x11-moroccan-christmas"
84,5,12,15 Jan 09,"The Duel","https://www.tvmaze.com/episodes/47723/the-office-5x12-the-duel"
85,5,13,22 Jan 09,"Prince Family Paper","https://www.tvmaze.com/episodes/47724/the-office-5x13-prince-family-paper"
86,5,14,01 Feb 09,"Stress Relief (1)","https://www.tvmaze.com/episodes/47725/the-office-5x14-stress-relief-1"
87,5,15,01 Feb 09,"Stress Relief (2)","https://www.tvmaze.com/episodes/47726/the-office-5x15-stress-relief-2"
88,5,16,05 Feb 09,"Lecture Circuit (1)","https://www.tvmaze.com/episodes/47727/the-office-5x16-lecture-circuit-1"
89,5,17,12 Feb 09,"Lecture Circuit (2)","https://www.tvmaze.com/episodes/47728/the-office-5x17-lecture-circuit-2"
90,5,18,05 Mar 09,"Blood Drive","https://www.tvmaze.com/episodes/47729/the-office-5x18-blood-drive"
91,5,19,12 Mar 09,"Golden Ticket","https://www.tvmaze.com/episodes/47730/the-office-5x19-golden-ticket"
92,5,20,19 Mar 09,"New Boss","https://www.tvmaze.com/episodes/47731/the-office-5x20-new-boss"
93,5,21,26 Mar 09,"Two Weeks","https://www.tvmaze.com/episodes/47732/the-office-5x21-two-weeks"
94,5,22,09 Apr 09,"Dream Team","https://www.tvmaze.com/episodes/47733/the-office-5x22-dream-team"
95,5,23,09 Apr 09,"The Michael Scott Paper Company","https://www.tvmaze.com/episodes/47734/the-office-5x23-the-michael-scott-paper-company"
96,5,24,16 Apr 09,"Heavy Competition","https://www.tvmaze.com/episodes/47735/the-office-5x24-heavy-competition"
97,5,25,23 Apr 09,"Broke","https://www.tvmaze.com/episodes/47736/the-office-5x25-broke"
98,5,26,30 Apr 09,"Casual Friday","https://www.tvmaze.com/episodes/47737/the-office-5x26-casual-friday"
99,5,27,07 May 09,"Cafe Disco","https://www.tvmaze.com/episodes/47738/the-office-5x27-cafe-disco"
100,5,28,14 May 09,"Company Picnic","https://www.tvmaze.com/episodes/47739/the-office-5x28-company-picnic"
101,6,1,17 Sep 09,"Gossip","https://www.tvmaze.com/episodes/47740/the-office-6x01-gossip"
102,6,2,24 Sep 09,"The Meeting","https://www.tvmaze.com/episodes/47741/the-office-6x02-the-meeting"
103,6,3,01 Oct 09,"The Promotion","https://www.tvmaze.com/episodes/47742/the-office-6x03-the-promotion"
104,6,4,08 Oct 09,"Niagara (1)","https://www.tvmaze.com/episodes/47743/the-office-6x04-niagara-1"
105,6,5,08 Oct 09,"Niagara (2)","https://www.tvmaze.com/episodes/47744/the-office-6x05-niagara-2"
106,6,6,15 Oct 09,"Mafia","https://www.tvmaze.com/episodes/47745/the-office-6x06-mafia"
107,6,7,22 Oct 09,"The Lover","https://www.tvmaze.com/episodes/47746/the-office-6x07-the-lover"
108,6,8,29 Oct 09,"Koi Pond","https://www.tvmaze.com/episodes/47747/the-office-6x08-koi-pond"
109,6,9,05 Nov 09,"Double Date","https://www.tvmaze.com/episodes/47748/the-office-6x09-double-date"
110,6,10,12 Nov 09,"Murder","https://www.tvmaze.com/episodes/47749/the-office-6x10-murder"
111,6,11,19 Nov 09,"Shareholder Meeting","https://www.tvmaze.com/episodes/47750/the-office-6x11-shareholder-meeting"
112,6,12,03 Dec 09,"Scott's Tots","https://www.tvmaze.com/episodes/47751/the-office-6x12-scotts-tots"
113,6,13,10 Dec 09,"Secret Santa","https://www.tvmaze.com/episodes/47752/the-office-6x13-secret-santa"
114,6,14,21 Jan 10,"The Banker","https://www.tvmaze.com/episodes/47753/the-office-6x14-the-banker"
115,6,15,04 Feb 10,"Sabre","https://www.tvmaze.com/episodes/47754/the-office-6x15-sabre"
116,6,16,11 Feb 10,"The Manager and the Salesman","https://www.tvmaze.com/episodes/47755/the-office-6x16-the-manager-and-the-salesman"
117,6,17,04 Mar 10,"The Delivery (1)","https://www.tvmaze.com/episodes/47756/the-office-6x17-the-delivery-1"
118,6,18,04 Mar 10,"The Delivery (2)","https://www.tvmaze.com/episodes/47757/the-office-6x18-the-delivery-2"
119,6,19,11 Mar 10,"St. Patrick's Day","https://www.tvmaze.com/episodes/47758/the-office-6x19-st-patricks-day"
120,6,20,18 Mar 10,"New Leads","https://www.tvmaze.com/episodes/47759/the-office-6x20-new-leads"
121,6,21,25 Mar 10,"Happy Hour","https://www.tvmaze.com/episodes/47760/the-office-6x21-happy-hour"
122,6,22,22 Apr 10,"Secretary's Day","https://www.tvmaze.com/episodes/47761/the-office-6x22-secretarys-day"
123,6,23,29 Apr 10,"Body Language","https://www.tvmaze.com/episodes/47762/the-office-6x23-body-language"
124,6,24,06 May 10,"The Cover-Up","https://www.tvmaze.com/episodes/47763/the-office-6x24-the-cover-up"
125,6,25,13 May 10,"The Chump","https://www.tvmaze.com/episodes/47764/the-office-6x25-the-chump"
126,6,26,20 May 10,"Whistleblower","https://www.tvmaze.com/episodes/47765/the-office-6x26-whistleblower"
127,7,1,23 Sep 10,"Nepotism","https://www.tvmaze.com/episodes/47766/the-office-7x01-nepotism"
128,7,2,30 Sep 10,"Counseling","https://www.tvmaze.com/episodes/47767/the-office-7x02-counseling"
129,7,3,07 Oct 10,"Andy's Play","https://www.tvmaze.com/episodes/47768/the-office-7x03-andys-play"
130,7,4,14 Oct 10,"Sex Ed","https://www.tvmaze.com/episodes/47769/the-office-7x04-sex-ed"
131,7,5,21 Oct 10,"The Sting","https://www.tvmaze.com/episodes/47770/the-office-7x05-the-sting"
132,7,6,28 Oct 10,"Costume Contest","https://www.tvmaze.com/episodes/47771/the-office-7x06-costume-contest"
133,7,7,04 Nov 10,"Christening","https://www.tvmaze.com/episodes/47772/the-office-7x07-christening"
134,7,8,11 Nov 10,"Viewing Party","https://www.tvmaze.com/episodes/47773/the-office-7x08-viewing-party"
135,7,9,18 Nov 10,"WUPHF.com","https://www.tvmaze.com/episodes/47774/the-office-7x09-wuphfcom"
136,7,10,02 Dec 10,"China","https://www.tvmaze.com/episodes/47775/the-office-7x10-china"
137,7,11,09 Dec 10,"Classy Christmas (1)","https://www.tvmaze.com/episodes/47776/the-office-7x11-classy-christmas-1"
138,7,12,09 Dec 10,"Classy Christmas (2)","https://www.tvmaze.com/episodes/47777/the-office-7x12-classy-christmas-2"
139,7,13,20 Jan 11,"Ultimatum","https://www.tvmaze.com/episodes/47778/the-office-7x13-ultimatum"
140,7,14,27 Jan 11,"The Seminar","https://www.tvmaze.com/episodes/47779/the-office-7x14-the-seminar"
141,7,15,03 Feb 11,"The Search","https://www.tvmaze.com/episodes/47780/the-office-7x15-the-search"
142,7,16,10 Feb 11,"PDA","https://www.tvmaze.com/episodes/47781/the-office-7x16-pda"
143,7,17,17 Feb 11,"Threat Level Midnight","https://www.tvmaze.com/episodes/47782/the-office-7x17-threat-level-midnight"
144,7,18,24 Feb 11,"Todd Packer","https://www.tvmaze.com/episodes/47783/the-office-7x18-todd-packer"
145,7,19,24 Mar 11,"Garage Sale","https://www.tvmaze.com/episodes/47784/the-office-7x19-garage-sale"
146,7,20,14 Apr 11,"Training Day","https://www.tvmaze.com/episodes/47785/the-office-7x20-training-day"
147,7,21,21 Apr 11,"Michael's Last Dundies","https://www.tvmaze.com/episodes/47786/the-office-7x21-michaels-last-dundies"
148,7,22,28 Apr 11,"Goodbye, Michael","https://www.tvmaze.com/episodes/47787/the-office-7x22-goodbye-michael"
149,7,23,05 May 11,"The Inner Circle","https://www.tvmaze.com/episodes/47788/the-office-7x23-the-inner-circle"
150,7,24,12 May 11,"Dwight K. Schrute, (Acting) Manager","https://www.tvmaze.com/episodes/47789/the-office-7x24-dwight-k-schrute-acting-manager"
151,7,25,19 May 11,"Search Committee (1)","https://www.tvmaze.com/episodes/47790/the-office-7x25-search-committee-1"
152,7,26,19 May 11,"Search Committee (2)","https://www.tvmaze.com/episodes/47791/the-office-7x26-search-committee-2"
153,8,1,22 Sep 11,"The List","https://www.tvmaze.com/episodes/47792/the-office-8x01-the-list"
154,8,2,29 Sep 11,"The Incentive","https://www.tvmaze.com/episodes/47793/the-office-8x02-the-incentive"
155,8,3,06 Oct 11,"Lotto","https://www.tvmaze.com/episodes/47794/the-office-8x03-lotto"
156,8,4,13 Oct 11,"Garden Party","https://www.tvmaze.com/episodes/47795/the-office-8x04-garden-party"
157,8,5,27 Oct 11,"Spooked","https://www.tvmaze.com/episodes/47796/the-office-8x05-spooked"
158,8,6,03 Nov 11,"Doomsday","https://www.tvmaze.com/episodes/47797/the-office-8x06-doomsday"
159,8,7,10 Nov 11,"Pam's Replacement","https://www.tvmaze.com/episodes/47798/the-office-8x07-pams-replacement"
160,8,8,17 Nov 11,"Gettysburg","https://www.tvmaze.com/episodes/47799/the-office-8x08-gettysburg"
161,8,9,01 Dec 11,"Mrs. California","https://www.tvmaze.com/episodes/47800/the-office-8x09-mrs-california"
162,8,10,08 Dec 11,"Christmas Wishes","https://www.tvmaze.com/episodes/47801/the-office-8x10-christmas-wishes"
163,8,11,12 Jan 12,"Trivia","https://www.tvmaze.com/episodes/47802/the-office-8x11-trivia"
164,8,12,19 Jan 12,"Pool Party","https://www.tvmaze.com/episodes/47803/the-office-8x12-pool-party"
165,8,13,02 Feb 12,"Jury Duty","https://www.tvmaze.com/episodes/47804/the-office-8x13-jury-duty"
166,8,14,09 Feb 12,"Special Project","https://www.tvmaze.com/episodes/47805/the-office-8x14-special-project"
167,8,15,16 Feb 12,"Tallahassee","https://www.tvmaze.com/episodes/47806/the-office-8x15-tallahassee"
168,8,16,23 Feb 12,"After Hours","https://www.tvmaze.com/episodes/47807/the-office-8x16-after-hours"
169,8,17,01 Mar 12,"Test the Store","https://www.tvmaze.com/episodes/47808/the-office-8x17-test-the-store"
170,8,18,08 Mar 12,"Last Day in Florida","https://www.tvmaze.com/episodes/47809/the-office-8x18-last-day-in-florida"
171,8,19,15 Mar 12,"Get the Girl","https://www.tvmaze.com/episodes/47810/the-office-8x19-get-the-girl"
172,8,20,12 Apr 12,"Welcome Party","https://www.tvmaze.com/episodes/47811/the-office-8x20-welcome-party"
173,8,21,19 Apr 12,"Angry Andy","https://www.tvmaze.com/episodes/47812/the-office-8x21-angry-andy"
174,8,22,26 Apr 12,"Fundraiser","https://www.tvmaze.com/episodes/47813/the-office-8x22-fundraiser"
175,8,23,03 May 12,"Turf War","https://www.tvmaze.com/episodes/47814/the-office-8x23-turf-war"
176,8,24,10 May 12,"Free Family Portrait Studio","https://www.tvmaze.com/episodes/47815/the-office-8x24-free-family-portrait-studio"
177,9,1,20 Sep 12,"The New Guys","https://www.tvmaze.com/episodes/47816/the-office-9x01-the-new-guys"
178,9,2,27 Sep 12,"Roy's Wedding","https://www.tvmaze.com/episodes/47817/the-office-9x02-roys-wedding"
179,9,3,04 Oct 12,"Andy's Ancestry","https://www.tvmaze.com/episodes/47818/the-office-9x03-andys-ancestry"
180,9,4,18 Oct 12,"Work Bus","https://www.tvmaze.com/episodes/47819/the-office-9x04-work-bus"
181,9,5,25 Oct 12,"Here Comes Treble","https://www.tvmaze.com/episodes/47820/the-office-9x05-here-comes-treble"
182,9,6,08 Nov 12,"The Boat","https://www.tvmaze.com/episodes/47821/the-office-9x06-the-boat"
183,9,7,15 Nov 12,"The Whale","https://www.tvmaze.com/episodes/47822/the-office-9x07-the-whale"
184,9,8,29 Nov 12,"The Target","https://www.tvmaze.com/episodes/47823/the-office-9x08-the-target"
185,9,9,06 Dec 12,"Dwight Christmas","https://www.tvmaze.com/episodes/47824/the-office-9x09-dwight-christmas"
186,9,10,10 Jan 13,"Lice","https://www.tvmaze.com/episodes/47825/the-office-9x10-lice"
187,9,11,17 Jan 13,"Suit Warehouse","https://www.tvmaze.com/episodes/47826/the-office-9x11-suit-warehouse"
188,9,12,24 Jan 13,"Customer Loyalty","https://www.tvmaze.com/episodes/47827/the-office-9x12-customer-loyalty"
189,9,13,31 Jan 13,"Junior Salesman","https://www.tvmaze.com/episodes/47828/the-office-9x13-junior-salesman"
190,9,14,31 Jan 13,"Vandalism","https://www.tvmaze.com/episodes/47829/the-office-9x14-vandalism"
191,9,15,07 Feb 13,"Couples Discount","https://www.tvmaze.com/episodes/47830/the-office-9x15-couples-discount"
192,9,16,14 Feb 13,"Moving On","https://www.tvmaze.com/episodes/47831/the-office-9x16-moving-on"
193,9,17,14 Mar 13,"The Farm","https://www.tvmaze.com/episodes/47832/the-office-9x17-the-farm"
194,9,18,04 Apr 13,"Promos","https://www.tvmaze.com/episodes/47833/the-office-9x18-promos"
195,9,19,11 Apr 13,"Stairmageddon","https://www.tvmaze.com/episodes/47834/the-office-9x19-stairmageddon"
196,9,20,25 Apr 13,"Paper Airplane","https://www.tvmaze.com/episodes/47835/the-office-9x20-paper-airplane"
197,9,21,02 May 13,"Livin' the Dream","https://www.tvmaze.com/episodes/47836/the-office-9x21-livin-the-dream"
198,9,22,09 May 13,"A.A.R.M. (1)","https://www.tvmaze.com/episodes/47837/the-office-9x22-aarm-1"
199,9,23,09 May 13,"A.A.R.M. (2)","https://www.tvmaze.com/episodes/47838/the-office-9x23-aarm-2"
200,9,24,16 May 13,"Finale (1)","https://www.tvmaze.com/episodes/711197/the-office-9x24-finale-1"
201,9,25,16 May 13,"Finale (2)","https://www.tvmaze.com/episodes/711203/the-office-9x25-finale-2"
S09,9,0,16 May 13,"Retrospective (42 min)","https://www.tvmaze.com/episodes/47839/the-office-s09-special-retrospective"